[
    {
        "record_id": 131,
        "track_id": "1129",
        "track_label": "255",
        "time_start": "2023-03-03 13: 14: 11",
        "time_end": "2023-03-03 13: 41: 40",
        "from_address": "RN39, Kisenda, Lualaba, CD-LU, Congo - Kinshasa",
        "to_address": "RN39, Kisenda, Lualaba, CD-LU, Congo - Kinshasa",
        "distance": 9.36,
        "duration": "0: 27: 29",
        "max_speed": 20,
        "Driver": None,
        "TT_number_tags": "",
        "Registration_plate": "",
        "Product": "",
        "Parked": False,
        "Idle_time": 5,
        "status": None,
        "zone": "None > None"
    },
    {
        "record_id": 132,
        "track_id": "1129",
        "track_label": "255",
        "time_start": "2023-03-03 13: 53: 40",
        "time_end": "2023-03-03 13: 55: 06",
        "from_address": "RN39, Kisenda, Lualaba, CD-LU, Congo - Kinshasa",
        "to_address": "RN39, Kisenda, Lualaba, CD-LU, Congo - Kinshasa",
        "distance": 0.42,
        "duration": "0: 01: 26",
        "max_speed": 18,
        "Driver": None,
        "TT_number_tags": "",
        "Registration_plate": "",
        "Product": "",
        "Parked": False,
        "Idle_time": 5,
        "status": None,
        "zone": "None > None"
    },
    {
        "record_id": 133,
        "track_id": "1129",
        "track_label": "255",
        "time_start": "2023-03-03 14: 16: 14",
        "time_end": "2023-03-03 14: 19: 26",
        "from_address": "RN39, Kisenda, Lualaba, CD-LU, Congo - Kinshasa",
        "to_address": "RN39, Kisenda, Lualaba, CD-LU, Congo - Kinshasa",
        "distance": 1.05,
        "duration": "0: 03: 12",
        "max_speed": 20,
        "Driver": None,
        "TT_number_tags": "",
        "Registration_plate": "",
        "Product": "",
        "Parked": False,
        "Idle_time": 5,
        "status": None,
        "zone": "None > None"
    },
    {
        "record_id": 134,
        "track_id": "1129",
        "track_label": "255",
        "time_start": "2023-03-03 14: 24: 26",
        "time_end": "2023-03-03 15: 08: 38",
        "from_address": "RN39, Kisenda, Lualaba, CD-LU, Congo - Kinshasa",
        "to_address": "RN39, Kolwezi, Lualaba, CD-LU, Congo - Kinshasa",
        "distance": 17.74,
        "duration": "0: 44: 12",
        "max_speed": 24,
        "Driver": None,
        "TT_number_tags": "",
        "Registration_plate": "",
        "Product": "",
        "Parked": False,
        "Idle_time": 5,
        "status": None,
        "zone": "None > None"
    },
    {
        "record_id": 135,
        "track_id": "1129",
        "track_label": "255",
        "time_start": "2023-03-03 15: 27: 49",
        "time_end": "2023-03-03 15: 31: 02",
        "from_address": "RN39, Kolwezi, Lualaba, CD-LU, Congo - Kinshasa",
        "to_address": "RN39, Kolwezi, Lualaba, CD-LU, Congo - Kinshasa",
        "distance": 0.21,
        "duration": "0: 03: 13",
        "max_speed": 4,
        "Driver": None,
        "TT_number_tags": "",
        "Registration_plate": "",
        "Product": "",
        "Parked": False,
        "Idle_time": 5,
        "status": None,
        "zone": "None > None"
    },
    {
        "record_id": 136,
        "track_id": "1129",
        "track_label": "255",
        "time_start": "2023-03-03 16: 13: 40",
        "time_end": "2023-03-03 16: 30: 38",
        "from_address": "RN39, Kolwezi, Lualaba, CD-LU, Congo - Kinshasa",
        "to_address": "Rue de la Kamoa Mine, Kolwezi, Lualaba, CD-LU, Congo - Kinshasa",
        "distance": 3.24,
        "duration": "0: 16: 58",
        "max_speed": 11,
        "Driver": None,
        "TT_number_tags": "",
        "Registration_plate": "",
        "Product": "",
        "Parked": False,
        "Idle_time": 5,
        "status": None,
        "zone": "None > None"
    },
    {
        "record_id": 137,
        "track_id": "1129",
        "track_label": "255",
        "time_start": "2023-03-03 16: 38: 25",
        "time_end": "2023-03-03 17: 54: 25",
        "from_address": "Rue de la Kamoa Mine, Kolwezi, Lualaba, CD-LU, Congo - Kinshasa",
        "to_address": "KCC, Luilu, Lualaba, CD-LU, Congo - Kinshasa",
        "distance": 32.49,
        "duration": "1: 16: 00",
        "max_speed": 26,
        "Driver": None,
        "TT_number_tags": "",
        "Registration_plate": "",
        "Product": "",
        "Parked": False,
        "Idle_time": 5,
        "status": None,
        "zone": "None > Mechanical Inspection"
    },
    {
        "record_id": 138,
        "track_id": "1129",
        "track_label": "255",
        "time_start": "2023-03-03 17: 59: 25",
        "time_end": "2023-03-03 18: 05: 11",
        "from_address": "KCC, Luilu, Lualaba, CD-LU, Congo - Kinshasa",
        "to_address": "KCC, Luilu, Lualaba, CD-LU, Congo - Kinshasa",
        "distance": 0.57,
        "duration": "0: 05: 46",
        "max_speed": 6,
        "Driver": None,
        "TT_number_tags": "",
        "Registration_plate": "",
        "Product": "",
        "Parked": False,
        "Idle_time": 5,
        "status": None,
        "zone": "Mechanical Inspection > KCC Truck Park"
    },
    {
        "record_id": 139,
        "track_id": "1129",
        "track_label": "255",
        "time_start": "2023-03-03 21: 54: 18",
        "time_end": "2023-03-03 22: 01: 11",
        "from_address": "KCC, Luilu, Lualaba, CD-LU, Congo - Kinshasa",
        "to_address": "KCC, Luilu, Lualaba, CD-LU, Congo - Kinshasa",
        "distance": 0.65,
        "duration": "0: 06: 53",
        "max_speed": 6,
        "Driver": None,
        "TT_number_tags": "",
        "Registration_plate": "",
        "Product": "",
        "Parked": False,
        "Idle_time": 5,
        "status": None,
        "zone": "KCC Truck Park > None"
    },
    {
        "record_id": 140,
        "track_id": "1129",
        "track_label": "255",
        "time_start": "2023-03-03 22: 18: 52",
        "time_end": "2023-03-03 22: 23: 42",
        "from_address": "KCC, Luilu, Lualaba, CD-LU, Congo - Kinshasa",
        "to_address": "KCC, Luilu, Lualaba, CD-LU, Congo - Kinshasa",
        "distance": 0.46,
        "duration": "0: 04: 50",
        "max_speed": 6,
        "Driver": None,
        "TT_number_tags": "",
        "Registration_plate": "",
        "Product": "",
        "Parked": False,
        "Idle_time": 5,
        "status": None,
        "zone": "KCC Truck Park > KCC Truck Park"
    },
    {
        "record_id": 141,
        "track_id": "1129",
        "track_label": "255",
        "time_start": "2023-03-06 08: 59: 43",
        "time_end": "2023-03-06 09: 29: 05",
        "from_address": "KCC, Luilu, Lualaba, CD-LU, Congo - Kinshasa",
        "to_address": "Luilu, Lualaba, CD-LU, Congo - Kinshasa",
        "distance": 3.82,
        "duration": "0: 29: 22",
        "max_speed": 8,
        "Driver": None,
        "TT_number_tags": "",
        "Registration_plate": "",
        "Product": "",
        "Parked": False,
        "Idle_time": 5,
        "status": None,
        "zone": "KCC Truck Park > Lime Queuing"
    },
    {
        "record_id": 142,
        "track_id": "1129",
        "track_label": "255",
        "time_start": "2023-03-06 09: 41: 13",
        "time_end": "2023-03-06 09: 48: 19",
        "from_address": "Luilu, Lualaba, CD-LU, Congo - Kinshasa",
        "to_address": "Luilu, Lualaba, CD-LU, Congo - Kinshasa",
        "distance": 0.62,
        "duration": "0: 07: 06",
        "max_speed": 5,
        "Driver": None,
        "TT_number_tags": "",
        "Registration_plate": "",
        "Product": "",
        "Parked": False,
        "Idle_time": 5,
        "status": None,
        "zone": "Lime Queuing > Lime Queuing"
    },
    {
        "record_id": 145,
        "track_id": "1129",
        "track_label": "255",
        "time_start": "2023-03-06 13: 15: 31",
        "time_end": "2023-03-06 13: 34: 43",
        "from_address": "Luilu, Lualaba, CD-LU, Congo - Kinshasa",
        "to_address": "KCC, Luilu, Lualaba, CD-LU, Congo - Kinshasa",
        "distance": 3.87,
        "duration": "0: 19: 12",
        "max_speed": 12,
        "Driver": None,
        "TT_number_tags": "",
        "Registration_plate": "",
        "Product": "",
        "Parked": False,
        "Idle_time": 5,
        "status": None,
        "zone": "Lime Queuing > KCC Truck Park"
    },
    {
        "record_id": 146,
        "track_id": "1129",
        "track_label": "255",
        "time_start": "2023-03-06 13: 41: 26",
        "time_end": "2023-03-06 14: 06: 18",
        "from_address": "KCC, Luilu, Lualaba, CD-LU, Congo - Kinshasa",
        "to_address": "KCC, Luilu, Lualaba, CD-LU, Congo - Kinshasa",
        "distance": 1.7,
        "duration": "0: 24: 52",
        "max_speed": 4,
        "Driver": None,
        "TT_number_tags": "",
        "Registration_plate": "",
        "Product": "",
        "Parked": False,
        "Idle_time": 5,
        "status": None,
        "zone": "None > None"
    },
    {
        "record_id": 147,
        "track_id": "1129",
        "track_label": "255",
        "time_start": "2023-03-07 10: 32: 21",
        "time_end": "2023-03-07 10: 37: 42",
        "from_address": "KCC, Luilu, Lualaba, CD-LU, Congo - Kinshasa",
        "to_address": "KCC, Luilu, Lualaba, CD-LU, Congo - Kinshasa",
        "distance": 0.6,
        "duration": "0: 05: 21",
        "max_speed": 7,
        "Driver": None,
        "TT_number_tags": "",
        "Registration_plate": "",
        "Product": "",
        "Parked": False,
        "Idle_time": 5,
        "status": None,
        "zone": "None > Weighbridge Queuing"
    },
    {
        "record_id": 148,
        "track_id": "1129",
        "track_label": "255",
        "time_start": "2023-03-07 11: 34: 39",
        "time_end": "2023-03-07 11: 41: 45",
        "from_address": "KCC, Luilu, Lualaba, CD-LU, Congo - Kinshasa",
        "to_address": "KCC, Luilu, Lualaba, CD-LU, Congo - Kinshasa",
        "distance": 0.9,
        "duration": "0: 07: 06",
        "max_speed": 8,
        "Driver": None,
        "TT_number_tags": "",
        "Registration_plate": "",
        "Product": "",
        "Parked": False,
        "Idle_time": 5,
        "status": None,
        "zone": "Weighbridge Queuing > None"
    },
    {
        "record_id": 149,
        "track_id": "1129",
        "track_label": "255",
        "time_start": "2023-03-07 12: 18: 01",
        "time_end": "2023-03-07 12: 23: 22",
        "from_address": "KCC, Luilu, Lualaba, CD-LU, Congo - Kinshasa",
        "to_address": "KCC, Luilu, Lualaba, CD-LU, Congo - Kinshasa",
        "distance": 0.37,
        "duration": "0: 05: 21",
        "max_speed": 4,
        "Driver": None,
        "TT_number_tags": "",
        "Registration_plate": "",
        "Product": "",
        "Parked": False,
        "Idle_time": 5,
        "status": None,
        "zone": "None > KCC Truck Park"
    }
]